87e24aeca834f539cbbd6528fa54a7ad7a0939f4,DELETE,regular-file,StoryTeller/APKs/StoryTeller-release.aab,59890616,
2051b4c35b93b6dd0ee09457426a514fa5349c59,DELETE,regular-file,extras/V4-network/APKs/dcc-sheet-20250905-1426.apk,43452849,
d5e4d0c23ac12ed6be72ad73d5a5c2012b340c7b,DELETE,regular-file,extras/V4-network/APKs/dcc-sheet-20250905-1444.apk,43455153,
9b93ff2a3639125c1a6266c19d66cc448b9bd94b,DELETE,regular-file,extras/V4-network/APKs/dcc-sheet-20250905-1448.apk,43455125,
9b93ff2a3639125c1a6266c19d66cc448b9bd94b,DELETE,regular-file,extras/V4-network/APKs/dcc-sheet-20250905-1450.apk,43455125,
f6c88115f9580e222037269356bd39665471b2b2,DELETE,regular-file,extras/V4-network/APKs/dcc-sheet-20250905-1505.apk,43455309,
eed9a1fc98e36fe43b440d68038eaf18491fc722,DELETE,regular-file,extras/V4-network/APKs/dcc-sheet-release.aab,41174099,
2051b4c35b93b6dd0ee09457426a514fa5349c59,DELETE,regular-file,v5/APKs/dcc-sheet-20250905-1426.apk,43452849,
d5e4d0c23ac12ed6be72ad73d5a5c2012b340c7b,DELETE,regular-file,v5/APKs/dcc-sheet-20250905-1444.apk,43455153,
9b93ff2a3639125c1a6266c19d66cc448b9bd94b,DELETE,regular-file,v5/APKs/dcc-sheet-20250905-1448.apk,43455125,
9b93ff2a3639125c1a6266c19d66cc448b9bd94b,DELETE,regular-file,v5/APKs/dcc-sheet-20250905-1450.apk,43455125,
f6c88115f9580e222037269356bd39665471b2b2,DELETE,regular-file,v5/APKs/dcc-sheet-20250905-1505.apk,43455309,
eed9a1fc98e36fe43b440d68038eaf18491fc722,DELETE,regular-file,v5/APKs/dcc-sheet-release.aab,41174099,
